Yıl,Ülke,Toplam E-Ticaret Hacmi (Milyon Dolar),Mobil Uygulama Hacmi (Milyon Dolar),Üye Sayısı,Ortalama Sepet Tutarı (Dolar),En Çok Satılan Kategori,En Popüler Ödeme Yöntemi,İade Oranı (%),En Çok Tercih Edilen Kargo Şirketi
2019,ABD,1654,253,112.4 milyon,85,Elektronik,Kredi Kartı,5,UPS
2019,Japonya,696,95,74.4 milyon,92,Kıyafet,Nakit Ödeme,4,Japan Post
2019,Çin,2124,416,242.4 milyon,52,Elektronik,Alipay,6,China Post
2019,İngiltere,604,162,36.8 milyon,78,Kozmetik,Kredi Kartı,3,Royal Mail
2019,Güney Kore,319,57,26.7 milyon,89,Kitap,Kredi Kartı,2,Korea Post
2019,Fransa,452,123,35.5 milyon,98,Kıyafet,PayPal,4,La Poste
2019,Hindistan,168,24,14.2 milyon,47,Ev Dekorasyonu,Kredi Kartı,1,Delhivery
2019,Almanya,859,235,49.2 milyon,114,Spor Malzemeleri,PayPal,2,DHL
2019,Brezilya,197,38,18.4 milyon,76,Gıda,Kredi Kartı,3,Correios
2019,Türkiye,126,29,8.9 milyon,47,Kırtasiye,Havale/EFT,2,Aras Kargo
2019,İspanya,324,78,20.1 milyon,65,Oyuncak,PayPal,5,Correos